capitulo,secao,tipo,label,arquivo_na_tese,arquivo_no_repositorio,script,estado_da_copia,legenda
capítulo 2,Os estudos sobre inteligência artificial nas ciências humanas e sociais,figure,fig:capes_subcampos,figuras/cap.2/capes-scielo/capes_21_subcampos_distribuicao.png,figuras/capes_21_subcampos_distribuicao.png,figuras_capes_2021_2024.py,cópia na tese DIVERGE da do repositório (ver nota de sincronização),% Distribuição das 12.995 defesas do corpus pelos cinco subcampos do classificador
capítulo 2,Os estudos sobre inteligência artificial nas ciências humanas e sociais,figure,fig:capes_grande_area,figuras/cap.2/capes-scielo/capes_11_grande_area_share.png,figuras/capes_11_grande_area_share.png,figuras_capes_2021_2024.py,cópia na tese DIVERGE da do repositório (ver nota de sincronização),"% Distribuição dos 12.995 trabalhos sobre inteligência artificial, aprendizado de máquina e aprendizado profundo defendidos na pós-graduação brasileira no quadriênio 2021..."
capítulo 2,Os estudos sobre inteligência artificial nas ciências humanas e sociais,figure,fig:capes_heatmap_keyword,figuras/cap.2/capes-scielo/capes_13_heatmap_area_keyword.png,figuras/capes_13_heatmap_area_keyword.png,figuras_capes_2021_2024.py,cópia na tese idêntica à do repositório,"% Matriz de bolhas da co-ocorrência entre dez termos-chave do campo e as nove grandes áreas de conhecimento da Capes, sobre o corpus de 12.995 defesas"
capítulo 2,Os estudos sobre inteligência artificial nas ciências humanas e sociais,figure,fig:capes_heatmap_subcampo,figuras/cap.2/capes-scielo/capes_22_heatmap_subcampo_grande_area.png,figuras/capes_22_heatmap_subcampo_grande_area.png,figuras_capes_2021_2024.py,cópia na tese idêntica à do repositório,% Matriz de bolhas da concentração dos cinco subcampos do classificador entre as nove grandes áreas
capítulo 2,Os estudos sobre inteligência artificial nas ciências humanas e sociais,figure,fig:capes_humanas_area,figuras/cap.2/capes-scielo/capes_h01_areas_humanas.png,figuras/capes_h01_areas_humanas.png,analise_capes_humanas.py,cópia na tese DIVERGE da do repositório (ver nota de sincronização),"% Distribuição das 400 defesas sobre inteligência artificial, aprendizado de máquina e aprendizado profundo na grande área de Ciências Humanas (2021--2024), por área de c..."
capítulo 2,Os estudos sobre inteligência artificial nas ciências humanas e sociais,figure,fig:capes_temporal,figuras/cap.2/capes-scielo/capes_h02_temporal_humanas.png,figuras/capes_h02_temporal_humanas.png,analise_capes_humanas.py,cópia na tese DIVERGE da do repositório (ver nota de sincronização),"% Evolução anual das defesas em Ciências Humanas no campo da inteligência artificial, do aprendizado de máquina e do aprendizado profundo (2021--2024), em uma linha por g..."
capítulo 2,Os estudos sobre inteligência artificial nas ciências humanas e sociais,figure,fig:scielo_subject_area,figuras/cap.2/capes-scielo/scielo_11_subject_area_share.png,figuras/scielo_11_subject_area_share.png,figuras_scielo_articlemeta.py,cópia na tese DIVERGE da do repositório (ver nota de sincronização),"% Distribuição dos 631 artigos sobre inteligência artificial, aprendizado de máquina e aprendizado profundo publicados na coleção brasileira do SciELO no quadriênio 2021-..."
capítulo 2,Os estudos sobre inteligência artificial nas ciências humanas e sociais,figure,fig:scielo_subcampos,figuras/cap.2/capes-scielo/scielo_21_subcampos_distribuicao.png,figuras/scielo_21_subcampos_distribuicao.png,figuras_scielo_articlemeta.py,cópia na tese DIVERGE da do repositório (ver nota de sincronização),% Distribuição dos 631 artigos do corpus SciELO pelos cinco subcampos do classificador
capítulo 2,Os estudos sobre inteligência artificial nas ciências humanas e sociais,figure,fig:comparativo_scielo_capes,figuras/cap.2/capes-scielo/comparativo_scielo_capes_2026.png,figuras/comparativo_scielo_capes_2026.png,analise_comparativa_2026.py,cópia na tese DIVERGE da do repositório (ver nota de sincronização),"% Leitura paralela das duas bases sobre o quadriênio 2021--2024, com o mesmo classificador de cinco subcampos aplicado a cada uma e recorte de escopo equivalente: o SciEL..."
capítulo 2,Os estudos sobre inteligência artificial nas ciências humanas e sociais,figure,fig:openalex_ranking_paises,figuras/cap.2/openalex_01_ranking_paises.png,figuras/openalex_01_ranking_paises.png,figuras_openalex.py,cópia na tese DIVERGE da do repositório (ver nota de sincronização),"% Os quinze maiores produtores de obras sobre inteligência artificial na grande área de Humanidades no período 2016--2024, pela definição por conceito do OpenAlex, em vol..."
capítulo 2,Os estudos sobre inteligência artificial nas ciências humanas e sociais,figure,fig:openalex_taxa_interna,figuras/cap.2/openalex_02_taxa_interna_paises.png,figuras/openalex_02_taxa_interna_paises.png,figuras_openalex.py,cópia na tese DIVERGE da do repositório (ver nota de sincronização),"% Taxa interna, isto é, a fração das obras de Humanidades de cada país que tocam o campo da inteligência artificial, entre os quinze maiores produtores em volume, no perí..."
capítulo 2,Os estudos sobre inteligência artificial nas ciências humanas e sociais,figure,fig:openalex_brasil_temporal,figuras/cap.2/openalex_03_brasil_temporal.png,figuras/openalex_03_brasil_temporal.png,figuras_openalex.py,cópia na tese DIVERGE da do repositório (ver nota de sincronização),"% Brasil, no período 2016--2024, pela definição por conceito do OpenAlex"
capítulo 2,Os estudos sobre inteligência artificial nas ciências humanas e sociais,figure,fig:openalex_subcampos_3bases,figuras/cap.2/openalex_04_subcampos_3bases.png,figuras/openalex_04_subcampos_3bases.png,figuras_openalex.py,cópia na tese DIVERGE da do repositório (ver nota de sincronização),% Peso relativo dos cinco subcampos da régua de classificação em cada uma das três bases
